alarm_description,Severity,Alarm ID,Alarm Source,Location Info,Other Information,Last Occurred (ST),Acknowledged On (ST),Fiber/Cable Name,Cleared By,Acknowledged By,Clearance Status,Acknowledgement Status,Alarm Serial Number
2,0,13552,29,567,27,2025-04-10 05:27:10,2025-04-10 06:03:33,111,4,1,1,1,30590045
2,3,8,0,634,121,2025-03-07 20:34:19,2025-03-07 21:24:10,53,0,3,1,1,30709043
1,0,625,36,823,71,2025-04-13 13:23:32,2025-04-13 13:42:34,64,1,1,1,1,30603495
0,0,12350,2,243,103,2025-03-17 23:28:19,2025-03-17 23:55:06,23,2,2,1,0,30562587
2,2,13142,51,551,69,2025-02-06 16:39:48,2025-02-06 17:02:53,62,0,3,1,1,30346366
2,1,12307,22,184,23,2025-03-19 07:59:25,2025-03-19 08:28:06,55,1,0,0,0,30418334
0,3,12544,62,860,130,2025-03-15 06:04:38,2025-03-15 06:50:19,16,4,1,0,0,30615691
2,2,333,57,1022,116,2025-04-15 02:21:25,2025-04-15 03:20:35,77,4,3,1,1,30956330
2,1,333,6,841,24,2025-02-08 00:19:47,2025-02-08 01:05:40,107,4,3,1,1,30367674
2,2,30,0,261,74,2025-04-11 05:22:29,2025-04-11 05:42:43,15,1,3,0,0,30419640
1,3,235,54,570,171,2025-04-15 16:55:58,2025-04-15 17:44:09,62,3,1,1,1,30787309
2,1,625,3,783,11,2025-02-26 14:41:19,2025-02-26 14:42:22,5,3,1,0,0,30459745
0,2,14303,25,552,60,2025-03-24 19:02:23,2025-03-24 19:11:04,21,0,2,1,1,30101026
2,1,12956,60,337,184,2025-02-04 00:24:29,2025-02-04 01:23:13,101,1,3,1,1,30899720
1,0,12926,61,830,154,2025-03-26 22:15:13,2025-03-26 22:56:00,108,3,1,0,1,30539670
1,0,13964,8,411,4,2025-04-17 00:05:12,2025-04-17 00:58:16,103,2,2,0,1,30122592
0,1,12305,17,272,267,2025-02-14 18:22:51,2025-02-14 18:54:52,84,3,0,0,0,30758435
2,0,12788,58,399,65,2025-04-05 06:20:42,2025-04-05 07:20:27,45,3,1,0,0,30813039
0,2,333,33,712,77,2025-03-12 22:41:56,2025-03-12 23:34:50,64,1,0,1,0,30721800
2,1,13142,16,611,92,2025-04-14 23:54:06,2025-04-14 23:57:37,91,2,2,0,0,30631609
0,2,32,56,1061,13,2025-02-01 00:56:29,2025-02-01 01:48:31,35,4,1,1,1,30132807
1,0,13186,37,969,243,2025-04-05 02:41:04,2025-04-05 03:11:17,31,1,2,0,1,30274326
2,0,631,47,645,91,2025-02-17 19:16:08,2025-02-17 19:50:41,110,4,0,1,1,30731430
1,2,625,32,8,232,2025-02-01 16:16:23,2025-02-01 16:49:39,44,2,2,1,0,30417660
1,0,335,31,666,176,2025-03-14 10:06:55,2025-03-14 10:40:32,101,3,1,1,1,30875597
0,3,638,1,1018,156,2025-02-27 14:23:42,2025-02-27 14:52:09,13,3,0,0,0,30410768
1,3,12306,60,222,80,2025-03-28 16:57:24,2025-03-28 17:30:27,91,3,0,0,1,30680921
0,3,12350,66,403,149,2025-04-12 10:19:21,2025-04-12 10:21:20,53,0,3,0,1,30070191
2,3,63604,51,994,184,2025-03-16 00:49:13,2025-03-16 01:14:37,80,3,0,1,0,30962837
2,2,12862,46,194,52,2025-02-18 01:58:22,2025-02-18 02:23:22,4,3,2,1,0,30671832
2,2,12301,33,1047,32,2025-02-23 19:33:38,2025-02-23 19:57:35,103,3,1,1,1,30078246
2,0,13669,14,883,104,2025-02-14 10:10:47,2025-02-14 11:06:36,34,2,0,1,0,30938307
2,0,13504,40,540,225,2025-03-11 15:24:18,2025-03-11 15:28:09,53,1,1,1,0,30575531
0,1,335,7,970,126,2025-03-29 15:46:38,2025-03-29 16:31:16,8,2,0,1,0,30647025
0,2,299,6,556,268,2025-02-28 03:52:00,2025-02-28 04:05:55,34,3,0,0,0,30888402
0,0,12306,6,372,253,2025-01-25 07:16:30,2025-01-25 07:39:46,75,4,1,1,1,30137310
2,1,2,8,1034,60,2025-04-13 19:21:18,2025-04-13 19:59:00,43,2,0,1,0,30267832
0,3,63604,7,762,191,2025-04-10 22:56:14,2025-04-10 23:41:18,43,3,1,1,0,30674491
2,1,13933,30,100,91,2025-02-13 03:08:39,2025-02-13 04:08:17,4,1,1,1,0,30963542
0,3,12871,4,24,141,2025-02-14 08:30:10,2025-02-14 09:01:29,90,3,1,0,0,30331962
2,3,32,49,1012,239,2025-04-18 17:00:19,2025-04-18 17:06:17,36,3,2,1,0,30755668
0,2,13552,52,286,158,2025-04-01 07:03:58,2025-04-01 07:51:29,36,0,0,1,1,30120492
1,2,625,63,342,189,2025-02-17 21:43:13,2025-02-17 22:19:18,0,4,1,0,0,30158242
2,1,187,60,103,112,2025-01-29 12:56:02,2025-01-29 13:22:23,86,3,3,1,0,30685040
1,3,12336,15,11,76,2025-03-10 17:37:24,2025-03-10 17:49:57,25,2,3,1,0,30915135
0,2,236,59,774,127,2025-02-27 20:22:13,2025-02-27 20:53:30,71,0,3,0,1,30431191
0,1,12587,56,800,253,2025-04-04 02:43:39,2025-04-04 03:03:22,17,3,3,1,0,30227069
2,0,50,5,644,141,2025-02-01 00:09:24,2025-02-01 00:39:02,109,4,2,0,0,30122132
0,0,199,11,973,212,2025-04-16 10:35:20,2025-04-16 11:23:02,96,3,2,1,0,30759032
1,3,63629,34,686,112,2025-03-20 19:12:35,2025-03-20 19:58:43,54,1,1,0,1,30741216
1,1,13203,33,994,25,2025-03-14 16:28:49,2025-03-14 16:58:52,76,1,3,0,0,30414847
1,0,324,59,1009,227,2025-02-12 11:49:36,2025-02-12 12:37:08,8,0,1,0,1,30453194
2,2,13539,37,568,94,2025-03-09 09:11:37,2025-03-09 09:40:59,8,4,3,1,1,30041169
1,3,187,40,447,219,2025-04-16 19:21:00,2025-04-16 19:45:48,32,0,1,0,0,30730700
1,2,8,9,427,200,2025-04-09 11:42:17,2025-04-09 12:36:50,103,2,1,0,0,30240684
1,3,13412,2,427,223,2025-03-29 08:01:53,2025-03-29 08:48:53,50,4,3,0,1,30033199
0,1,125,12,478,136,2025-03-21 17:46:42,2025-03-21 18:26:04,27,1,0,0,1,30920542
0,1,12301,27,487,232,2025-02-08 12:12:10,2025-02-08 13:12:08,61,4,3,0,0,30046244
0,0,335,6,430,228,2025-02-10 10:19:30,2025-02-10 10:21:43,46,4,2,1,1,30514364
2,2,12788,12,794,84,2025-03-04 23:11:35,2025-03-05 00:07:56,51,0,0,0,1,30898503
1,3,12862,11,86,143,2025-03-17 23:23:56,2025-03-17 23:26:00,28,4,1,0,1,30837723
0,2,12926,52,543,218,2025-01-30 19:55:28,2025-01-30 20:10:24,102,1,1,1,1,30365027
0,2,25,21,852,108,2025-04-18 20:10:37,2025-04-18 21:06:09,82,4,1,0,1,30618512
1,1,12541,64,381,180,2025-04-08 00:32:35,2025-04-08 00:47:03,2,3,3,0,1,30999685
2,2,187,51,329,54,2025-02-28 01:58:18,2025-02-28 02:57:53,25,1,1,1,0,30537643
2,0,235,31,296,266,2025-02-25 06:23:52,2025-02-25 07:13:44,56,3,3,1,1,30911584
2,1,25,20,120,83,2025-03-18 19:08:51,2025-03-18 19:10:57,88,0,2,0,1,30935466
0,2,12305,23,972,122,2025-02-02 15:11:48,2025-02-02 15:18:27,27,3,3,0,0,30480418
1,3,12544,5,898,91,2025-02-08 19:42:25,2025-02-08 19:55:15,10,0,0,0,1,30998917
0,1,12956,50,925,180,2025-02-04 19:38:17,2025-02-04 20:33:42,103,4,1,0,1,30317503
2,0,12926,59,32,89,2025-01-26 21:35:15,2025-01-26 21:43:14,47,3,3,0,0,30322375
0,1,56,52,452,57,2025-02-08 11:26:04,2025-02-08 12:08:10,79,2,0,0,1,30959428
0,1,30,1,1,29,2025-04-01 05:59:40,2025-04-01 06:05:58,4,1,3,0,1,30913582
2,2,63629,27,489,187,2025-03-11 19:03:45,2025-03-11 20:03:04,86,0,3,0,0,30994208
2,0,13987,30,643,104,2025-02-28 04:57:03,2025-02-28 05:56:10,110,2,1,0,1,30174365
0,1,236,19,734,7,2025-03-04 08:50:56,2025-03-04 09:08:36,1,3,0,0,0,30055813
2,0,63629,24,737,4,2025-04-05 12:57:40,2025-04-05 13:15:56,16,2,1,0,1,30863152
0,1,12544,35,667,185,2025-03-08 17:37:55,2025-03-08 17:39:28,30,0,1,1,1,30222059
2,2,14451,43,636,125,2025-02-06 07:17:28,2025-02-06 07:52:12,74,1,3,1,1,30339271
0,0,2,5,223,173,2025-02-04 02:31:04,2025-02-04 02:32:21,108,4,1,1,0,30039088
0,3,12544,39,654,142,2025-02-03 03:50:41,2025-02-03 04:26:01,72,3,0,1,0,30544018
0,0,8,34,910,264,2025-03-16 18:08:55,2025-03-16 18:44:20,23,4,2,1,1,30894101
0,3,12336,60,1013,126,2025-02-06 15:54:07,2025-02-06 16:22:43,75,1,3,1,1,30606591
2,1,299,54,481,109,2025-03-21 05:01:27,2025-03-21 05:20:13,3,3,2,0,1,30577758
1,0,103300,35,903,169,2025-03-22 03:27:57,2025-03-22 04:26:14,16,4,1,1,1,30899286
1,1,342,10,992,225,2025-02-10 20:24:37,2025-02-10 20:45:59,34,1,1,1,0,30532948
2,3,56,18,452,162,2025-03-31 21:24:25,2025-03-31 22:05:44,109,1,3,1,1,30817291
0,1,299,20,884,159,2025-04-12 10:05:03,2025-04-12 10:58:03,111,4,3,0,1,30943421
1,0,12862,43,585,120,2025-02-01 18:01:30,2025-02-01 18:02:36,68,4,2,1,0,30449738
1,3,25,52,178,197,2025-04-13 16:41:19,2025-04-13 17:10:09,3,0,1,0,1,30164806
1,0,13933,19,810,241,2025-03-09 12:12:15,2025-03-09 12:38:10,105,3,3,0,1,30438618
2,3,12871,65,742,210,2025-02-17 22:15:03,2025-02-17 22:19:34,89,2,3,1,1,30179991
2,0,125,40,893,259,2025-02-05 21:34:19,2025-02-05 22:15:44,14,1,1,0,1,30502087
1,2,298,45,786,70,2025-02-28 10:29:24,2025-02-28 11:17:33,43,3,2,1,0,30220483
0,2,13987,46,464,45,2025-03-22 23:41:52,2025-03-23 00:20:46,56,2,0,1,0,30670157
2,1,12308,31,871,30,2025-02-13 01:21:21,2025-02-13 01:47:53,20,4,2,1,0,30247036
1,0,12956,10,965,198,2025-02-28 14:30:38,2025-02-28 15:25:08,62,2,1,1,0,30945630
1,3,12862,40,141,70,2025-04-12 13:11:27,2025-04-12 13:44:49,89,3,3,0,1,30030683
0,1,13186,3,628,180,2025-02-15 13:34:09,2025-02-15 13:54:25,79,2,0,0,0,30541701
0,0,13417,12,753,99,2025-03-09 08:10:59,2025-03-09 08:54:57,68,2,0,0,1,30659432
0,2,199,30,335,253,2025-03-07 06:01:27,2025-03-07 06:54:35,23,0,2,1,1,30008572
1,2,12306,9,437,141,2025-03-30 10:16:30,2025-03-30 10:29:43,19,0,3,1,1,30723430
1,2,4,21,443,143,2025-03-17 20:53:51,2025-03-17 21:48:16,12,0,0,1,0,30158878
2,1,236,47,278,93,2025-02-22 00:04:50,2025-02-22 00:23:46,53,2,0,0,1,30542395
2,3,186,16,972,158,2025-04-08 02:37:53,2025-04-08 03:24:40,47,4,1,1,1,30944557
0,2,13504,1,615,72,2025-04-11 04:04:16,2025-04-11 04:18:15,9,1,1,0,1,30698757
0,2,13142,55,21,21,2025-04-06 08:57:55,2025-04-06 09:56:26,79,0,3,1,0,30122137
0,3,342,4,1023,26,2025-04-04 06:24:36,2025-04-04 06:42:06,10,2,2,0,1,30700348
0,0,12308,28,965,182,2025-02-13 12:38:12,2025-02-13 13:15:30,33,0,1,1,1,30294585
2,0,299,59,495,64,2025-01-27 18:16:18,2025-01-27 18:32:59,104,3,3,1,0,30110607
0,2,31,64,848,15,2025-03-14 05:12:01,2025-03-14 05:26:47,25,1,3,0,1,30621289
0,3,13203,35,342,197,2025-03-27 17:07:38,2025-03-27 17:29:28,55,0,0,0,1,30810061
2,3,13933,43,328,135,2025-04-10 23:24:55,2025-04-10 23:52:45,1,2,1,0,0,30084169
2,0,13987,51,710,214,2025-02-15 20:00:47,2025-02-15 20:13:31,17,0,2,1,0,30528342
0,2,13203,7,168,130,2025-04-19 01:33:23,2025-04-19 02:32:24,51,4,0,1,0,30274718
0,3,631,44,914,115,2025-02-27 14:51:58,2025-02-27 14:55:40,104,4,0,0,1,30366909
0,1,13552,64,764,154,2025-04-10 20:32:25,2025-04-10 21:21:50,62,3,3,0,0,30802374
1,0,236,29,900,20,2025-04-12 09:10:06,2025-04-12 09:27:42,47,0,0,1,1,30147399
0,0,1,16,468,157,2025-03-16 02:18:59,2025-03-16 02:23:46,38,3,3,1,0,30554832
1,2,12305,52,178,209,2025-02-24 04:50:14,2025-02-24 05:08:57,12,1,3,0,1,30723421
2,1,14102,14,30,127,2025-03-29 04:20:33,2025-03-29 04:44:41,14,3,3,1,0,30089137
1,3,12301,17,340,165,2025-02-15 16:29:08,2025-02-15 17:26:43,86,4,3,0,0,30517196
2,0,299,53,89,223,2025-03-06 07:38:20,2025-03-06 08:33:30,33,3,1,1,1,30411012
2,1,638,31,49,110,2025-02-07 17:37:26,2025-02-07 18:07:00,78,1,2,1,1,30540880
2,3,13417,12,727,184,2025-02-26 05:46:52,2025-02-26 05:51:43,93,3,0,1,1,30838527
2,3,13056,34,262,168,2025-04-04 20:17:40,2025-04-04 20:35:54,8,3,1,1,1,30313438
2,3,4,45,35,46,2025-04-04 07:43:47,2025-04-04 07:57:55,14,2,1,1,1,30950006
1,3,187,30,741,202,2025-03-26 22:09:53,2025-03-26 23:02:52,8,3,3,1,0,30560505
0,1,13142,50,229,62,2025-04-12 21:24:34,2025-04-12 22:02:11,6,1,2,0,0,30447409
2,2,63604,62,319,116,2025-02-06 12:30:13,2025-02-06 13:00:01,80,1,0,0,0,30082090
0,1,324,17,16,40,2025-02-20 09:04:46,2025-02-20 09:35:11,64,1,2,0,1,30722439
2,2,299,1,648,247,2025-02-09 07:13:50,2025-02-09 07:29:01,82,1,0,0,0,30692541
2,3,13669,7,146,215,2025-02-05 03:22:23,2025-02-05 03:34:45,45,4,2,0,0,30434780
0,3,50,50,496,179,2025-03-26 23:07:12,2025-03-27 00:04:11,98,3,1,0,0,30617993
0,3,333,49,100,220,2025-04-07 05:48:36,2025-04-07 06:03:01,63,1,3,1,1,30455820
1,3,193,9,436,88,2025-02-18 02:35:09,2025-02-18 03:24:21,50,1,0,1,0,30320321
0,3,12306,54,804,96,2025-03-30 20:55:59,2025-03-30 21:32:12,99,3,0,0,0,30462354
0,1,100,49,619,194,2025-02-23 02:07:04,2025-02-23 02:21:57,74,3,1,1,0,30864861
1,3,12306,53,138,257,2025-03-22 05:55:19,2025-03-22 06:34:08,106,2,1,0,1,30687631
1,2,119,47,98,13,2025-01-25 18:38:50,2025-01-25 19:29:13,65,4,3,1,1,30165377
2,2,12871,20,556,144,2025-03-04 20:04:34,2025-03-04 20:31:14,28,2,2,0,0,30027858
1,3,103300,51,55,155,2025-04-13 08:48:07,2025-04-13 09:21:35,70,0,1,0,0,30060929
2,3,13417,59,230,127,2025-02-24 02:46:42,2025-02-24 03:42:16,38,2,2,0,0,30735325
1,3,13056,11,552,167,2025-03-19 19:25:04,2025-03-19 19:45:48,67,2,1,1,0,30694580
2,2,4,53,798,88,2025-02-03 07:15:01,2025-02-03 07:58:57,63,1,1,0,0,30224575
2,0,63629,49,852,47,2025-01-26 04:21:13,2025-01-26 04:49:44,95,1,1,0,1,30282392
2,2,8,17,58,168,2025-01-30 10:29:49,2025-01-30 11:09:20,81,2,3,0,1,30500627
2,1,2,14,848,9,2025-01-31 03:34:35,2025-01-31 04:22:36,63,4,2,1,0,30536181
0,3,13669,17,527,105,2025-03-25 13:04:58,2025-03-25 13:40:14,52,3,2,0,1,30959838
1,2,12843,41,177,158,2025-04-09 20:11:19,2025-04-09 20:38:57,101,1,3,1,1,30160753
1,2,50,2,703,224,2025-02-23 12:28:09,2025-02-23 12:35:34,47,1,2,1,1,30615604
2,1,12871,6,376,154,2025-04-06 21:54:50,2025-04-06 22:26:24,75,0,3,0,0,30824328
0,3,12544,31,826,134,2025-04-12 21:53:29,2025-04-12 22:41:41,73,1,2,1,1,30336219
0,2,32,40,821,105,2025-04-07 00:15:21,2025-04-07 01:11:55,85,2,2,0,1,30585854
1,3,240,13,2,132,2025-03-06 12:12:54,2025-03-06 13:05:41,5,3,3,0,0,30433857
1,3,12306,39,443,58,2025-02-09 02:20:55,2025-02-09 03:15:50,8,1,0,0,0,30076366
1,2,12350,38,424,17,2025-04-13 22:32:02,2025-04-13 23:13:16,41,1,2,1,0,30832539
0,1,13987,21,433,180,2025-04-03 01:23:25,2025-04-03 02:09:41,58,2,1,1,0,30650486
0,3,240,7,266,21,2025-02-21 01:28:40,2025-02-21 02:07:49,29,4,2,1,0,30754044
1,0,13203,49,383,119,2025-03-29 10:13:56,2025-03-29 10:15:21,74,2,0,0,1,30348291
0,2,103300,29,1023,198,2025-03-29 23:27:37,2025-03-30 00:01:12,44,1,0,0,0,30342070
2,0,299,26,805,267,2025-04-13 08:27:07,2025-04-13 08:53:23,60,2,1,0,0,30650958
2,2,50,39,745,144,2025-02-13 09:45:43,2025-02-13 10:44:07,11,2,1,0,0,30235462
1,0,1,33,241,150,2025-04-06 18:55:32,2025-04-06 19:06:04,108,3,0,0,0,30079969
1,1,12301,59,118,151,2025-04-02 18:51:04,2025-04-02 18:58:29,17,2,2,1,0,30165492
0,3,12587,15,89,231,2025-03-02 01:36:54,2025-03-02 01:50:29,110,2,0,1,0,30318435
0,2,12788,34,214,112,2025-04-16 22:37:44,2025-04-16 23:00:58,5,0,3,0,0,30880417
1,3,13669,23,363,61,2025-04-01 10:15:49,2025-04-01 10:36:54,107,1,3,0,0,30318864
0,2,298,43,605,134,2025-03-03 07:20:45,2025-03-03 07:58:37,35,2,1,0,0,30524896
2,1,63604,32,993,252,2025-02-13 21:37:12,2025-02-13 21:55:48,23,1,2,0,0,30979127
0,3,13539,25,53,81,2025-03-20 02:11:42,2025-03-20 02:35:11,97,3,2,1,0,30406141
0,3,119,43,875,216,2025-02-01 08:18:12,2025-02-01 09:05:57,81,4,0,0,0,30906040
0,3,324,20,411,206,2025-02-03 14:46:19,2025-02-03 15:38:23,6,3,2,1,1,30010893
1,1,12301,35,426,113,2025-02-04 10:47:56,2025-02-04 11:16:03,0,4,1,1,1,30548471
2,0,186,27,818,206,2025-04-03 06:22:04,2025-04-03 06:33:36,36,3,3,0,0,30430076
1,0,103300,0,655,105,2025-04-13 04:13:34,2025-04-13 04:52:13,36,0,3,1,1,30066341
0,2,12843,16,748,133,2025-02-14 21:32:52,2025-02-14 21:52:24,32,2,2,0,1,30314863
2,2,12350,5,572,178,2025-03-04 21:57:58,2025-03-04 22:30:21,25,4,1,1,1,30984089
0,1,240,58,1066,53,2025-03-04 21:03:52,2025-03-04 21:33:58,64,0,3,0,0,30175147
1,3,13552,45,858,20,2025-02-20 03:41:13,2025-02-20 04:18:30,92,2,2,0,1,30380101
1,1,12336,21,619,266,2025-03-19 19:22:58,2025-03-19 19:35:12,25,1,0,0,0,30491232
0,3,13412,36,338,94,2025-02-23 09:05:29,2025-02-23 09:44:31,57,3,2,1,0,30387276
2,1,12306,18,581,53,2025-03-12 08:46:05,2025-03-12 09:38:36,29,0,0,0,0,30774523
2,0,25,44,704,71,2025-03-10 02:28:28,2025-03-10 03:25:04,66,2,2,1,0,30933293
0,2,12308,64,506,144,2025-03-11 21:04:52,2025-03-11 21:13:09,103,0,2,0,0,30416966
1,0,193,13,946,92,2025-01-30 19:59:36,2025-01-30 20:43:31,54,0,0,1,1,30769169
2,2,13142,13,947,136,2025-03-22 03:24:15,2025-03-22 04:19:59,32,0,0,0,1,30961253
1,1,13056,48,682,147,2025-03-20 21:21:20,2025-03-20 21:28:32,40,2,3,0,1,30796461
0,1,13142,33,642,249,2025-02-06 21:02:56,2025-02-06 21:07:52,47,3,2,0,1,30792945
0,1,12926,15,808,169,2025-04-06 01:15:55,2025-04-06 02:11:01,49,3,1,1,1,30026636
1,3,324,35,989,87,2025-02-06 11:47:50,2025-02-06 12:41:46,78,3,3,0,1,30648447
0,1,13504,7,595,111,2025-03-23 19:55:05,2025-03-23 20:24:43,29,0,0,1,0,30970322
2,2,13056,49,275,246,2025-03-03 02:50:15,2025-03-03 03:28:50,44,2,2,0,1,30145282
1,2,12956,49,396,100,2025-04-05 10:10:17,2025-04-05 10:52:36,23,3,3,1,1,30771152
0,2,12956,6,323,118,2025-02-25 04:51:22,2025-02-25 05:41:01,105,2,2,0,1,30826019
0,2,31,28,154,76,2025-04-05 05:51:10,2025-04-05 06:12:14,3,3,3,1,0,30879050
0,3,13056,15,260,215,2025-02-02 09:49:13,2025-02-02 10:26:18,1,3,1,0,1,30693732
2,1,13412,34,411,229,2025-02-14 18:24:03,2025-02-14 18:39:20,109,3,2,1,1,30801234
1,1,100,2,748,239,2025-04-07 22:53:01,2025-04-07 23:34:41,95,1,0,1,1,30373795
2,1,342,44,325,62,2025-03-19 00:12:24,2025-03-19 00:29:45,8,4,0,0,0,30945276
2,2,12587,53,844,94,2025-04-08 03:43:24,2025-04-08 03:44:30,37,3,0,0,1,30967232
2,0,342,8,138,218,2025-03-10 10:42:52,2025-03-10 11:30:46,76,3,2,1,0,30022146
2,1,14152,46,6,138,2025-03-01 19:41:52,2025-03-01 20:16:45,103,0,0,1,0,30905647
1,1,100,40,364,164,2025-03-04 14:32:24,2025-03-04 14:44:36,60,3,0,0,0,30361672
2,3,13504,65,1015,214,2025-02-01 02:59:30,2025-02-01 03:41:42,0,4,0,0,1,30357692
2,1,12587,63,858,9,2025-02-04 08:26:31,2025-02-04 08:48:32,101,1,2,0,0,30662072
1,3,119,56,135,122,2025-03-28 06:52:37,2025-03-28 07:10:24,55,4,2,1,1,30856488
2,2,100,56,91,164,2025-02-12 18:29:41,2025-02-12 18:56:58,18,1,0,1,1,30907206
1,3,12336,34,217,31,2025-02-27 14:02:11,2025-02-27 14:32:29,25,0,1,1,1,30943626
2,3,12843,42,481,234,2025-03-17 17:22:23,2025-03-17 18:10:31,41,1,3,0,0,30885984
2,0,13539,20,648,200,2025-02-28 00:56:25,2025-02-28 01:08:51,56,0,3,0,1,30208441
0,1,193,23,488,165,2025-03-16 00:33:08,2025-03-16 00:49:22,93,0,3,0,1,30880744
0,0,100,55,274,110,2025-03-09 09:34:04,2025-03-09 09:52:26,44,1,0,0,1,30386527
2,2,13417,13,152,214,2025-03-16 03:26:41,2025-03-16 04:26:31,79,0,2,1,0,30809789
0,2,50,55,131,82,2025-04-07 22:55:54,2025-04-07 23:27:42,81,1,3,0,0,30026927
2,2,13142,8,426,184,2025-03-16 17:42:44,2025-03-16 18:00:27,85,2,3,0,1,30327291
0,1,186,65,103,205,2025-02-26 21:32:17,2025-02-26 21:40:40,61,2,2,0,0,30508281
0,0,12587,58,354,251,2025-02-22 13:44:18,2025-02-22 14:29:03,68,3,3,0,1,30707071
1,3,240,24,247,268,2025-03-17 14:41:29,2025-03-17 15:04:54,5,1,2,0,0,30492422
2,3,100,52,437,187,2025-03-26 04:52:43,2025-03-26 05:20:07,31,4,3,1,1,30572701
1,1,13539,38,650,215,2025-02-01 22:35:42,2025-02-01 23:25:16,77,3,2,0,1,30278870
1,2,12788,63,785,205,2025-04-17 23:25:36,2025-04-18 00:00:50,102,4,0,1,0,30650163
0,0,2,56,959,254,2025-02-23 13:50:52,2025-02-23 13:54:08,61,0,3,1,0,30223258
2,0,186,48,363,177,2025-03-06 20:42:45,2025-03-06 21:25:46,51,3,1,1,1,30466024
1,1,13933,17,978,27,2025-02-10 21:27:33,2025-02-10 21:29:21,18,1,2,0,0,30822782
1,1,1,6,70,196,2025-02-18 13:52:36,2025-02-18 14:47:55,6,2,1,0,0,30415044
1,1,12305,11,564,188,2025-03-04 19:02:41,2025-03-04 19:21:02,48,0,1,1,0,30567412
1,3,240,36,722,16,2025-03-03 10:04:35,2025-03-03 10:11:55,100,2,2,0,0,30548607
1,2,8,53,399,31,2025-02-27 00:44:30,2025-02-27 01:01:12,20,2,3,1,0,30779508
1,1,12871,34,847,68,2025-04-08 18:59:58,2025-04-08 19:01:25,105,4,0,0,1,30027735
0,1,2,39,687,135,2025-02-22 16:47:19,2025-02-22 17:03:55,38,3,3,0,0,30815477
2,0,13987,49,48,96,2025-02-04 14:43:14,2025-02-04 15:16:22,93,2,3,1,0,30819594
0,1,13417,1,947,23,2025-02-15 10:45:09,2025-02-15 11:14:11,25,2,0,1,1,30076246
2,2,327,32,304,17,2025-03-11 01:24:53,2025-03-11 02:22:26,43,1,1,1,0,30415702
0,2,199,59,674,172,2025-03-28 08:08:21,2025-03-28 09:07:49,100,0,3,1,0,30731964
0,1,13056,47,465,23,2025-03-10 12:53:10,2025-03-10 13:51:20,96,1,2,0,0,30281700
2,1,63629,61,586,119,2025-02-08 09:39:34,2025-02-08 10:32:40,70,3,3,1,1,30344741
2,3,31,24,1032,18,2025-02-18 06:04:17,2025-02-18 06:38:31,43,4,1,0,1,30923718
0,3,31,57,397,266,2025-02-27 02:47:49,2025-02-27 03:45:05,51,1,2,0,0,30779576
0,0,14102,52,101,157,2025-02-16 01:35:32,2025-02-16 01:38:03,70,4,3,1,1,30311498
0,2,25,10,230,14,2025-04-09 22:56:11,2025-04-09 23:38:55,26,2,1,1,0,30376401
2,1,342,4,151,89,2025-02-27 10:23:04,2025-02-27 10:26:12,25,0,3,1,0,30330526
2,2,100,21,115,144,2025-04-09 00:12:46,2025-04-09 00:45:11,74,2,0,0,1,30161552
2,2,13987,7,706,93,2025-03-13 23:12:39,2025-03-13 23:56:10,97,1,2,0,1,30876717
2,0,236,64,867,115,2025-04-14 04:51:26,2025-04-14 05:38:57,16,1,2,0,0,30064454
0,0,13552,8,207,97,2025-01-29 14:20:15,2025-01-29 15:14:07,34,1,0,1,0,30130747
0,1,14303,19,907,216,2025-01-28 18:15:04,2025-01-28 18:26:49,14,2,2,1,0,30795478
1,1,56,20,106,93,2025-03-12 22:55:38,2025-03-12 23:18:56,51,3,1,0,1,30829487
1,3,125,28,358,114,2025-03-01 23:28:41,2025-03-01 23:41:52,86,1,2,1,1,30337590
0,2,2,40,604,170,2025-04-06 02:11:17,2025-04-06 03:01:37,68,2,0,1,0,30751172
0,0,50,30,226,224,2025-03-02 06:10:57,2025-03-02 07:03:47,84,3,2,0,1,30544266
2,1,186,47,1043,27,2025-04-02 05:48:53,2025-04-02 06:47:28,51,3,3,0,1,30897089
2,1,631,20,160,114,2025-04-02 17:24:06,2025-04-02 18:19:11,85,2,3,0,0,30610166
0,1,625,63,277,138,2025-02-02 06:13:25,2025-02-02 06:42:52,106,3,3,0,0,30994112
1,2,12587,15,1031,243,2025-03-02 06:21:31,2025-03-02 06:52:52,83,0,1,1,0,30444230
1,0,13539,40,451,129,2025-02-01 18:32:57,2025-02-01 19:31:20,97,4,2,0,0,30618740
1,3,193,37,895,48,2025-02-14 18:46:54,2025-02-14 19:17:24,6,0,2,1,0,30933101
1,2,100,37,1056,121,2025-04-03 16:36:28,2025-04-03 17:22:34,36,4,0,0,1,30808460
1,1,236,17,409,236,2025-04-05 08:51:42,2025-04-05 09:23:19,84,3,2,1,1,30002659
0,3,13142,66,813,151,2025-03-23 14:02:47,2025-03-23 14:19:13,108,4,0,1,0,30488039
0,0,32,60,665,31,2025-04-06 09:50:54,2025-04-06 10:26:25,86,4,1,0,0,30419800
0,3,13987,31,995,87,2025-03-01 17:15:45,2025-03-01 17:51:53,21,0,0,0,0,30004953
0,1,13539,31,287,75,2025-02-15 10:43:32,2025-02-15 10:49:30,15,2,2,0,0,30647883
0,1,12350,64,287,107,2025-02-08 04:15:21,2025-02-08 04:20:39,18,1,1,1,0,30671216
1,0,12956,62,34,131,2025-04-03 04:54:09,2025-04-03 05:43:27,39,2,2,0,1,30846008
1,2,12587,28,736,85,2025-03-18 19:58:28,2025-03-18 20:30:42,22,2,0,1,1,30998424
2,3,63629,39,585,32,2025-02-08 16:57:42,2025-02-08 17:13:56,72,0,2,1,0,30845910
0,0,13412,32,537,29,2025-04-12 12:28:31,2025-04-12 13:04:58,14,2,0,0,1,30328372
2,0,63629,41,26,216,2025-02-12 05:59:20,2025-02-12 06:01:00,16,2,1,0,1,30662526
2,1,327,61,563,262,2025-03-24 16:12:19,2025-03-24 16:47:44,76,3,0,0,1,30627901
0,2,13933,26,606,188,2025-03-01 13:38:49,2025-03-01 14:08:23,89,0,2,1,1,30710827
1,2,12926,38,4,140,2025-04-13 00:29:04,2025-04-13 01:19:15,52,0,2,1,1,30049905
2,1,236,1,571,165,2025-03-04 21:57:39,2025-03-04 22:39:42,35,2,0,1,1,30047145
2,2,13933,44,1054,137,2025-03-26 12:03:06,2025-03-26 12:32:25,40,1,1,0,1,30283535
2,2,63604,6,256,19,2025-02-16 08:08:38,2025-02-16 08:16:24,28,0,1,0,0,30649067
2,0,185,9,389,172,2025-02-01 04:34:13,2025-02-01 05:03:35,25,0,2,1,0,30439176
2,2,12545,22,370,92,2025-04-17 03:47:01,2025-04-17 04:12:34,3,4,1,0,1,30426596
1,1,103300,16,744,227,2025-01-31 08:29:02,2025-01-31 08:39:40,11,0,3,1,1,30570890
2,3,324,40,888,133,2025-02-16 06:44:50,2025-02-16 07:06:51,42,0,0,1,1,30978025
0,2,13552,31,874,93,2025-03-29 05:36:48,2025-03-29 05:56:23,5,1,2,1,0,30517351
0,3,13203,35,456,236,2025-03-29 09:42:31,2025-03-29 09:45:00,8,4,1,0,0,30941822
2,0,12307,59,881,123,2025-03-30 13:24:51,2025-03-30 13:30:52,53,2,2,1,0,30909928
1,1,13142,0,720,203,2025-04-03 05:06:01,2025-04-03 05:11:12,109,0,1,0,1,30364990
0,1,12307,52,539,111,2025-04-19 16:50:37,2025-04-19 17:20:56,45,2,2,0,0,30579208
2,3,12587,11,703,249,2025-03-04 19:26:24,2025-03-04 19:51:15,87,0,2,0,0,30511198
0,1,13987,35,383,211,2025-02-06 20:43:38,2025-02-06 21:20:30,86,3,1,1,1,30467661
2,3,12544,54,209,263,2025-03-09 11:08:21,2025-03-09 11:37:12,29,1,0,0,0,30863560
2,0,335,56,667,181,2025-02-24 01:07:14,2025-02-24 01:27:52,61,3,1,1,0,30820196
0,3,103300,2,960,260,2025-03-07 08:52:48,2025-03-07 09:49:03,86,3,0,0,0,30559730
1,2,25,54,118,247,2025-03-12 18:25:08,2025-03-12 19:14:07,47,4,3,0,1,30821110
2,2,1,37,521,95,2025-04-18 05:34:52,2025-04-18 06:28:37,58,2,2,1,1,30045184
1,0,14303,32,667,75,2025-02-09 12:23:10,2025-02-09 13:07:40,13,3,3,1,0,30108973
2,0,14451,16,499,212,2025-01-25 04:08:14,2025-01-25 04:53:42,70,0,3,1,0,30267179
2,2,114,0,598,157,2025-02-23 20:05:00,2025-02-23 21:00:39,100,0,2,1,0,30463782
1,0,13987,29,810,80,2025-03-16 06:53:09,2025-03-16 07:36:03,7,3,3,1,1,30556007
2,2,12350,6,27,184,2025-02-10 20:57:35,2025-02-10 21:27:23,91,1,3,0,1,30750161
0,3,50,40,924,164,2025-04-19 00:10:17,2025-04-19 00:12:04,92,1,1,1,0,30499447
0,1,12350,1,887,233,2025-03-12 23:53:11,2025-03-13 00:32:12,25,4,0,1,1,30994717
1,2,12587,23,913,165,2025-03-22 00:06:39,2025-03-22 00:53:37,75,0,1,0,0,30181737
1,1,12307,30,162,202,2025-01-27 17:25:05,2025-01-27 17:49:23,62,2,0,0,1,30825010
1,3,12926,63,371,10,2025-02-21 04:23:51,2025-02-21 05:13:41,30,0,1,1,1,30059926
2,3,299,19,47,37,2025-02-25 22:39:58,2025-02-25 22:43:56,17,0,0,1,1,30216708
2,2,12862,12,849,246,2025-03-05 05:43:00,2025-03-05 06:01:13,15,3,3,0,1,30119264
0,2,638,60,243,107,2025-02-03 08:45:26,2025-02-03 09:39:56,84,1,1,0,1,30437943
2,0,631,52,806,134,2025-03-02 10:53:41,2025-03-02 11:08:08,81,1,2,1,0,30956639
0,3,236,32,385,212,2025-04-03 22:05:34,2025-04-03 22:29:31,26,1,3,0,0,30664288
0,3,125,16,635,90,2025-02-23 00:30:19,2025-02-23 00:47:22,3,2,1,0,0,30189586
2,1,13552,36,646,42,2025-03-26 10:14:10,2025-03-26 10:17:11,111,1,3,1,1,30453503
1,1,12871,18,108,142,2025-03-02 07:16:09,2025-03-02 08:14:16,23,1,1,1,0,30027252
1,0,13056,22,1077,36,2025-03-17 05:07:33,2025-03-17 05:55:49,75,3,1,0,0,30284684
1,3,13552,26,507,93,2025-04-01 15:10:33,2025-04-01 15:28:31,1,1,2,1,1,30785019
2,1,12545,62,115,71,2025-03-25 16:31:28,2025-03-25 17:03:18,74,4,0,0,1,30609413
0,2,193,49,273,74,2025-03-15 01:49:26,2025-03-15 01:53:43,23,0,2,1,1,30001756
0,2,63629,4,130,234,2025-04-12 22:07:14,2025-04-12 22:17:34,102,1,3,0,0,30883289
1,1,12862,13,1075,120,2025-04-14 23:10:48,2025-04-14 23:54:11,44,1,0,1,0,30170659
0,1,333,2,783,12,2025-04-09 08:13:47,2025-04-09 08:40:14,44,4,0,0,1,30646151
1,3,12587,63,163,102,2025-03-14 15:31:51,2025-03-14 15:48:51,7,0,1,0,1,30100666
1,1,185,53,154,4,2025-02-22 07:51:17,2025-02-22 08:37:27,105,4,1,1,0,30880800
0,2,14102,26,577,145,2025-03-14 01:35:58,2025-03-14 01:40:26,89,4,2,0,1,30456776
2,3,193,51,890,251,2025-03-07 15:18:12,2025-03-07 15:46:31,81,1,2,0,0,30162018
0,3,13142,49,536,124,2025-03-22 15:23:28,2025-03-22 15:35:05,7,2,1,1,0,30054843
1,3,1,18,267,267,2025-03-10 12:22:42,2025-03-10 13:08:52,59,2,2,0,1,30299115
0,3,12305,64,674,175,2025-03-11 12:00:45,2025-03-11 12:11:27,51,3,3,0,0,30833169
0,3,199,11,695,36,2025-04-16 15:59:36,2025-04-16 16:15:49,41,1,1,0,0,30152042
2,1,13552,47,917,62,2025-04-07 09:34:33,2025-04-07 09:40:52,66,4,3,0,0,30228044
2,2,13552,1,834,244,2025-02-11 06:51:55,2025-02-11 07:15:28,97,4,0,1,0,30423425
2,3,63604,63,349,7,2025-03-10 06:46:38,2025-03-10 07:35:16,95,2,2,0,0,30085570
0,2,13504,54,679,88,2025-02-11 08:35:50,2025-02-11 09:13:59,11,1,2,1,1,30843489
1,3,12843,24,642,79,2025-03-24 16:46:58,2025-03-24 17:08:23,89,4,0,0,0,30439347
1,1,31,40,803,99,2025-02-26 21:38:43,2025-02-26 21:56:00,1,4,3,0,1,30018124
1,1,12862,50,287,91,2025-01-26 06:10:42,2025-01-26 06:35:53,37,3,0,1,0,30803242
2,2,2,16,250,88,2025-04-18 07:09:28,2025-04-18 07:34:04,36,0,3,0,0,30500140
2,1,114,8,796,242,2025-03-17 20:24:31,2025-03-17 21:04:09,32,2,3,1,1,30275555
2,2,13669,63,264,212,2025-02-25 13:47:13,2025-02-25 14:17:03,98,1,3,1,0,30217040
1,1,103300,47,704,131,2025-03-12 16:25:49,2025-03-12 16:55:02,28,3,1,1,0,30521068
2,1,13933,34,475,81,2025-03-19 22:02:30,2025-03-19 22:10:54,5,4,3,0,1,30602097
0,3,193,56,224,77,2025-03-17 08:07:15,2025-03-17 09:03:21,39,3,2,0,0,30230354
2,1,13417,3,818,199,2025-02-10 23:37:04,2025-02-11 00:11:29,57,3,1,0,0,30426573
1,1,13539,46,75,163,2025-03-27 07:13:17,2025-03-27 07:21:34,37,2,3,0,1,30651786
1,2,13539,48,407,45,2025-04-16 13:29:04,2025-04-16 13:40:03,59,3,0,0,1,30899437
2,3,13933,23,366,145,2025-03-22 06:43:19,2025-03-22 07:27:04,4,1,3,0,1,30849048
2,2,13504,46,850,16,2025-04-17 14:06:30,2025-04-17 14:49:36,108,2,0,1,1,30088758
2,0,14451,57,631,96,2025-04-06 11:02:39,2025-04-06 11:24:51,36,2,2,1,1,30523417
0,2,327,27,61,149,2025-02-03 12:55:02,2025-02-03 13:44:21,83,0,1,1,1,30000108
2,2,1,14,207,160,2025-02-28 20:08:34,2025-02-28 20:10:26,103,4,0,0,0,30789596
1,2,14451,53,2,191,2025-01-29 04:44:48,2025-01-29 05:06:19,76,0,3,1,0,30183992
2,1,13539,37,364,260,2025-03-17 00:20:04,2025-03-17 00:44:38,26,2,1,0,0,30838530
0,2,30,22,850,115,2025-01-26 12:50:21,2025-01-26 13:12:13,0,3,1,1,1,30742677
1,1,13987,52,518,201,2025-03-28 11:22:39,2025-03-28 12:04:43,31,2,3,1,0,30565525
2,0,187,45,446,60,2025-03-11 12:06:58,2025-03-11 12:19:03,100,3,3,1,0,30613492
0,0,186,28,511,203,2025-03-26 20:05:33,2025-03-26 20:08:32,102,0,2,1,0,30782790
2,2,12301,62,432,228,2025-04-17 10:48:28,2025-04-17 11:20:22,101,3,0,0,1,30610232
1,1,235,53,464,231,2025-03-03 10:23:23,2025-03-03 10:58:03,104,0,3,0,0,30562474
2,0,12788,12,1020,85,2025-03-06 06:38:34,2025-03-06 07:38:30,30,4,2,0,1,30300137
2,3,13142,11,679,108,2025-02-06 03:33:08,2025-02-06 03:42:41,18,2,1,0,1,30754902
0,3,50,29,477,87,2025-03-10 20:29:48,2025-03-10 20:46:58,12,3,1,1,1,30431913
2,3,13504,40,562,25,2025-03-23 14:25:33,2025-03-23 15:16:51,95,1,1,1,1,30308777
0,3,125,35,305,256,2025-04-06 03:01:26,2025-04-06 03:43:11,10,1,0,0,0,30688639
0,3,50,3,713,253,2025-02-21 12:37:06,2025-02-21 13:28:26,22,2,0,1,0,30009978
1,1,2,57,588,165,2025-02-22 19:13:58,2025-02-22 20:06:47,99,0,2,0,0,30711706
1,1,186,48,280,93,2025-04-11 08:08:10,2025-04-11 08:22:08,15,2,1,0,0,30952901
1,1,13987,40,14,86,2025-02-22 02:32:59,2025-02-22 02:38:24,87,1,2,1,1,30388682
2,0,13142,40,142,107,2025-02-12 18:28:08,2025-02-12 19:20:01,101,4,1,1,1,30610869
1,2,299,7,201,188,2025-04-06 21:33:19,2025-04-06 21:52:40,40,2,0,0,1,30644987
1,3,103300,23,860,160,2025-02-18 23:15:44,2025-02-18 23:28:32,92,3,1,1,0,30533719
2,3,240,51,942,197,2025-02-21 00:44:41,2025-02-21 01:42:41,23,1,3,0,1,30050630
1,1,2,60,596,126,2025-04-01 21:25:40,2025-04-01 21:35:42,31,0,1,1,0,30838001
0,0,119,65,615,178,2025-02-06 17:32:25,2025-02-06 18:23:28,48,3,2,0,1,30157978
2,2,12308,52,365,48,2025-02-25 00:08:40,2025-02-25 00:28:58,24,1,2,0,1,30467423
1,2,12301,63,1,135,2025-02-07 05:38:25,2025-02-07 05:49:29,80,1,2,0,0,30267037
0,0,119,29,806,108,2025-03-21 15:21:45,2025-03-21 15:26:18,42,1,2,0,1,30027099
2,3,12843,12,99,74,2025-03-07 04:32:35,2025-03-07 04:49:54,11,3,0,1,0,30895105
2,3,193,38,386,209,2025-03-22 21:16:00,2025-03-22 21:49:42,9,3,0,0,1,30939709
2,3,327,59,385,216,2025-04-12 18:39:07,2025-04-12 19:38:27,42,3,3,0,0,30937381
2,0,199,52,919,115,2025-02-10 21:35:35,2025-02-10 22:06:25,76,1,0,1,1,30035201
0,2,50,60,927,115,2025-04-04 23:37:53,2025-04-05 00:23:41,106,3,3,1,1,30730161
0,3,13142,56,1022,254,2025-03-13 14:19:53,2025-03-13 15:19:00,61,0,0,1,0,30492526
2,1,63604,6,1070,142,2025-02-27 11:33:36,2025-02-27 12:19:01,8,0,0,0,0,30974180
1,0,327,16,998,244,2025-02-07 07:10:04,2025-02-07 07:50:58,86,4,2,0,0,30811333
2,3,13669,48,725,226,2025-03-12 21:02:40,2025-03-12 22:00:23,71,2,1,0,0,30706440
0,0,235,0,1023,182,2025-02-25 08:55:05,2025-02-25 09:02:50,100,2,2,0,1,30186258
2,3,50,62,425,129,2025-03-02 16:09:13,2025-03-02 16:31:02,13,2,0,0,0,30615044
2,2,13552,10,455,131,2025-03-20 00:04:14,2025-03-20 01:01:17,60,0,1,0,0,30543110
2,1,2,6,147,78,2025-02-26 11:29:04,2025-02-26 12:26:16,32,4,1,0,1,30223916
2,3,13987,27,35,232,2025-02-17 21:19:08,2025-02-17 21:40:40,54,1,2,1,0,30238342
1,0,12305,33,640,99,2025-02-23 19:44:07,2025-02-23 20:28:54,17,0,1,0,1,30003353
1,2,12544,57,636,233,2025-02-13 15:36:39,2025-02-13 15:48:11,87,3,0,0,0,30222755
2,3,299,40,651,46,2025-04-11 21:20:20,2025-04-11 21:31:23,7,4,1,1,1,30256342
1,2,12350,12,159,0,2025-04-12 21:46:51,2025-04-12 22:15:10,10,1,1,1,0,30712183
2,0,30,9,1057,200,2025-01-25 12:12:56,2025-01-25 12:33:18,83,3,3,0,1,30523858
0,1,13964,25,640,11,2025-02-18 06:06:35,2025-02-18 06:14:47,98,4,0,1,1,30266692
1,0,12788,25,311,64,2025-03-15 17:01:06,2025-03-15 17:02:57,75,1,2,1,1,30210572
0,3,13504,60,689,177,2025-04-04 15:08:49,2025-04-04 15:51:51,100,3,1,0,1,30416526
1,3,187,47,1037,78,2025-01-30 20:40:31,2025-01-30 21:09:55,42,4,3,0,0,30144346
0,1,12336,10,214,145,2025-02-05 22:52:16,2025-02-05 23:25:28,57,0,3,0,0,30601066
1,3,14102,23,1063,137,2025-02-21 13:32:04,2025-02-21 13:54:20,58,4,1,0,0,30613957
1,3,100,0,819,144,2025-02-13 07:37:30,2025-02-13 08:34:24,64,2,3,1,1,30467350
1,2,100,26,34,66,2025-02-13 05:05:57,2025-02-13 05:19:06,80,1,0,1,0,30884293
2,1,186,20,289,91,2025-03-30 07:37:12,2025-03-30 08:35:13,49,0,1,1,1,30768254
0,0,14152,58,874,175,2025-04-16 01:36:18,2025-04-16 01:52:49,109,0,1,0,1,30391172
0,1,13504,27,295,132,2025-02-24 00:14:15,2025-02-24 00:41:30,51,2,1,1,1,30204580
1,1,12871,25,200,54,2025-02-06 09:39:40,2025-02-06 10:05:06,76,1,2,1,1,30180758
0,0,12350,45,846,252,2025-03-14 09:01:34,2025-03-14 09:46:27,108,4,3,0,1,30996824
0,1,13669,41,669,140,2025-01-28 21:05:07,2025-01-28 21:39:33,48,3,0,0,1,30540120
0,1,14152,0,849,110,2025-03-16 07:03:15,2025-03-16 07:45:26,98,2,1,0,1,30540188
2,1,625,30,915,110,2025-04-07 05:49:55,2025-04-07 06:40:06,102,0,0,1,0,30266749
0,2,103300,3,619,76,2025-04-01 14:07:32,2025-04-01 14:25:32,89,1,3,1,1,30396604
1,3,187,51,310,175,2025-03-05 13:11:58,2025-03-05 13:49:15,57,2,2,1,1,30941747
0,2,13933,52,806,58,2025-02-14 07:11:03,2025-02-14 07:40:37,39,0,1,0,1,30129813
2,3,12336,23,967,214,2025-04-10 10:47:13,2025-04-10 10:55:56,14,2,1,1,1,30306543
1,1,63604,12,54,215,2025-02-13 07:07:03,2025-02-13 07:42:09,80,0,3,0,1,30477074
1,1,50,13,994,73,2025-03-06 08:57:53,2025-03-06 09:27:31,7,1,0,0,0,30121563
2,2,13056,46,256,15,2025-02-11 12:37:23,2025-02-11 13:27:52,29,3,1,0,1,30366219
0,3,50,58,164,67,2025-03-19 01:14:06,2025-03-19 01:22:36,72,3,2,1,1,30159630
1,0,125,45,138,246,2025-01-30 08:30:32,2025-01-30 09:26:34,56,1,3,1,1,30048652
1,1,193,22,99,72,2025-04-07 07:39:25,2025-04-07 08:18:36,91,0,1,1,1,30455283
0,2,327,0,897,254,2025-02-17 22:44:03,2025-02-17 22:45:31,25,1,1,1,0,30822405
0,2,2,0,675,24,2025-04-07 08:09:44,2025-04-07 08:18:00,37,4,2,0,1,30995927
2,0,13552,52,60,261,2025-01-29 08:33:42,2025-01-29 08:50:43,0,2,3,0,0,30400539
1,3,12541,9,562,139,2025-02-18 03:19:14,2025-02-18 03:21:27,13,1,0,0,0,30171457
1,3,625,57,346,21,2025-02-20 12:42:17,2025-02-20 13:37:22,49,1,0,0,0,30033082
0,3,240,14,719,255,2025-03-15 02:01:52,2025-03-15 02:41:50,49,3,1,1,0,30054151
0,2,119,36,54,105,2025-01-29 00:35:15,2025-01-29 01:28:19,5,1,0,0,1,30282807
2,3,12305,20,377,195,2025-02-05 08:40:51,2025-02-05 09:20:21,33,0,1,0,0,30950538
1,3,12545,11,746,17,2025-03-01 12:42:34,2025-03-01 12:51:15,71,3,1,1,1,30180334
2,0,12305,53,671,126,2025-03-10 02:18:46,2025-03-10 03:17:46,56,0,2,1,1,30468072
1,2,13987,43,810,53,2025-03-30 13:54:03,2025-03-30 14:12:51,22,2,2,0,1,30062116
1,1,12843,26,671,100,2025-02-12 15:43:08,2025-02-12 16:04:55,33,1,3,1,0,30320079
1,1,125,15,577,246,2025-04-08 16:35:24,2025-04-08 16:50:45,50,1,1,1,0,30530479
0,1,631,35,534,146,2025-03-28 03:25:48,2025-03-28 04:06:13,49,1,3,1,1,30701418
1,0,12336,1,359,62,2025-04-16 03:05:22,2025-04-16 03:30:40,87,4,0,1,0,30428477
0,0,185,31,168,84,2025-01-25 18:55:22,2025-01-25 19:06:04,105,1,1,1,1,30818646
1,2,100,4,688,166,2025-02-27 12:56:47,2025-02-27 13:45:38,42,4,3,1,0,30566452
1,2,199,24,37,163,2025-02-08 17:06:17,2025-02-08 17:56:07,110,1,0,0,1,30691168
1,0,125,1,668,260,2025-02-23 08:46:02,2025-02-23 08:56:23,68,3,2,1,0,30623538
1,0,8,47,313,199,2025-04-07 06:06:37,2025-04-07 06:11:07,58,4,2,0,0,30655836
1,0,298,16,629,122,2025-02-18 21:34:10,2025-02-18 21:37:22,11,1,1,1,1,30268533
2,1,13669,43,745,242,2025-02-17 07:37:52,2025-02-17 08:35:24,91,1,3,1,1,30390457
1,1,63604,9,622,4,2025-03-31 20:05:31,2025-03-31 20:43:53,29,4,0,0,0,30946128
0,3,187,42,200,165,2025-03-14 14:10:40,2025-03-14 15:07:25,25,1,1,0,0,30483053
0,2,12308,27,670,81,2025-02-14 07:14:45,2025-02-14 07:48:02,84,4,0,0,1,30996292
1,2,32,53,169,239,2025-02-03 12:14:03,2025-02-03 13:03:51,94,1,0,0,0,30216073
1,0,186,20,211,19,2025-02-13 07:21:20,2025-02-13 08:08:01,111,3,0,1,1,30316596
1,2,186,41,385,55,2025-03-30 23:39:37,2025-03-30 23:41:53,38,1,0,1,0,30184016
0,1,12308,37,462,246,2025-03-16 02:26:45,2025-03-16 02:29:44,3,2,0,1,0,30825962
0,0,13412,66,376,235,2025-04-06 02:40:13,2025-04-06 03:04:42,11,4,2,0,0,30094788
1,0,119,47,1075,116,2025-03-18 11:43:38,2025-03-18 12:35:21,85,2,0,0,0,30064441
0,3,12541,13,233,181,2025-04-02 14:41:35,2025-04-02 15:15:28,84,2,1,0,0,30271617
1,3,12862,0,341,94,2025-02-05 19:58:59,2025-02-05 20:08:27,10,2,2,1,0,30466160
0,1,193,30,783,184,2025-02-08 17:19:32,2025-02-08 17:33:00,68,1,1,1,1,30866746
0,0,13539,3,333,7,2025-03-30 07:45:47,2025-03-30 08:36:46,98,2,0,0,1,30950516
1,1,63604,16,907,127,2025-03-27 05:29:15,2025-03-27 05:53:44,15,1,2,0,0,30875807
2,0,13504,17,223,49,2025-02-05 04:31:26,2025-02-05 05:19:24,65,4,2,1,0,30387259
1,3,12301,40,1039,59,2025-04-12 10:26:24,2025-04-12 11:12:54,41,1,0,1,1,30381628
2,2,4,29,237,258,2025-03-05 20:32:27,2025-03-05 20:34:09,48,2,3,0,0,30462908
2,0,125,33,130,13,2025-02-19 22:01:54,2025-02-19 22:53:02,60,0,2,1,1,30815477
0,3,12871,36,900,93,2025-02-28 04:32:08,2025-02-28 04:54:36,59,3,1,1,1,30182509
0,1,12541,22,861,187,2025-04-11 05:36:02,2025-04-11 05:49:01,50,2,1,0,1,30656401
2,1,13933,23,1010,213,2025-04-14 11:00:15,2025-04-14 11:43:34,66,4,0,0,1,30571014
0,1,240,2,905,54,2025-04-09 15:30:59,2025-04-09 15:48:53,50,4,2,0,0,30447595
2,1,13412,33,646,62,2025-01-30 06:35:19,2025-01-30 07:01:06,39,3,0,0,1,30743314
2,1,625,21,35,266,2025-03-16 13:18:20,2025-03-16 13:21:40,101,2,3,1,0,30499757
0,3,63604,63,689,184,2025-03-11 18:32:34,2025-03-11 19:09:26,102,4,1,1,0,30038353
1,0,335,26,814,79,2025-01-28 18:29:02,2025-01-28 19:18:36,7,0,2,0,1,30176148
0,2,13142,39,143,125,2025-01-26 22:48:39,2025-01-26 23:08:12,98,2,1,1,0,30649899
0,1,13933,19,678,240,2025-02-06 03:43:13,2025-02-06 04:17:09,81,4,3,0,0,30062469
2,3,14451,38,952,202,2025-04-12 23:30:59,2025-04-13 00:10:48,100,2,2,0,1,30508710
2,2,327,25,655,146,2025-04-02 18:55:52,2025-04-02 19:31:39,98,1,0,1,1,30266378
0,0,13056,3,149,33,2025-03-01 02:53:25,2025-03-01 03:22:35,18,2,3,0,0,30837990
1,0,12306,27,968,127,2025-01-29 13:36:46,2025-01-29 14:24:40,66,3,2,0,0,30169482
2,1,13964,46,932,236,2025-03-18 10:25:05,2025-03-18 10:57:39,57,1,0,1,1,30892935
1,3,186,14,1064,61,2025-02-11 16:35:14,2025-02-11 17:20:50,19,1,2,0,1,30312252
0,0,25,48,714,149,2025-03-21 13:39:38,2025-03-21 14:10:57,46,2,2,1,1,30782303
2,0,100,13,393,133,2025-03-14 22:55:12,2025-03-14 23:03:20,106,0,3,0,1,30934057
2,0,114,66,850,236,2025-03-05 17:53:47,2025-03-05 18:38:21,78,3,0,0,1,30015059
0,1,324,29,296,13,2025-03-14 18:29:38,2025-03-14 19:24:30,43,4,2,1,0,30114334
0,3,12306,3,1013,250,2025-03-14 02:50:28,2025-03-14 03:37:31,42,1,0,1,1,30833549
0,3,12336,36,805,134,2025-03-14 06:52:18,2025-03-14 07:37:43,98,4,0,1,0,30441432
1,2,12871,4,478,56,2025-03-27 00:33:16,2025-03-27 00:51:50,96,1,0,0,0,30101041
0,3,187,17,886,222,2025-04-18 16:57:51,2025-04-18 17:51:53,25,3,1,1,0,30098508
1,3,186,4,963,256,2025-03-08 17:33:36,2025-03-08 17:53:24,1,0,0,0,0,30387867
2,1,299,37,838,34,2025-04-14 21:10:08,2025-04-14 21:37:05,34,3,1,1,0,30957890
1,1,30,1,30,246,2025-03-20 09:04:04,2025-03-20 09:38:45,27,0,0,1,0,30594830
1,0,12580,60,560,98,2025-04-15 05:51:04,2025-04-15 06:26:26,31,2,3,1,1,30308415
1,1,12545,46,340,165,2025-02-15 14:01:27,2025-02-15 14:12:23,82,1,1,1,1,30602758
1,3,56,35,323,101,2025-02-25 12:33:29,2025-02-25 12:48:00,16,4,1,1,0,30204558
1,3,236,49,1059,205,2025-04-15 08:09:13,2025-04-15 08:13:59,71,3,2,0,0,30198884
1,2,193,46,716,63,2025-02-15 18:14:38,2025-02-15 19:12:41,60,2,1,1,1,30897694
0,0,12307,47,1024,169,2025-03-05 15:15:06,2025-03-05 15:20:00,73,4,0,0,0,30574487
0,3,63604,24,140,85,2025-03-06 12:30:20,2025-03-06 12:39:41,15,2,1,1,0,30886086
1,1,13552,65,841,46,2025-01-29 02:41:42,2025-01-29 03:18:28,10,0,3,0,1,30783482
1,0,100,49,816,216,2025-03-15 05:36:47,2025-03-15 06:33:08,98,3,3,1,0,30857502
0,3,25,39,1061,101,2025-03-28 05:11:54,2025-03-28 06:04:15,75,1,1,0,1,30303827
0,0,13552,49,561,137,2025-03-17 05:50:06,2025-03-17 06:45:49,64,1,1,0,1,30199739
0,0,12541,1,967,74,2025-03-18 08:59:13,2025-03-18 09:09:02,70,2,2,1,1,30001046
1,1,100,44,167,216,2025-02-06 09:26:14,2025-02-06 10:15:23,82,2,1,1,1,30787050
0,0,327,26,344,241,2025-03-22 23:06:56,2025-03-22 23:24:56,0,3,2,1,1,30628487
2,0,31,34,344,18,2025-02-03 16:21:25,2025-02-03 16:31:04,65,4,3,0,0,30097656
2,0,342,48,473,128,2025-04-18 11:22:33,2025-04-18 11:52:48,62,3,3,0,0,30758200
1,0,13203,27,349,252,2025-02-06 19:20:34,2025-02-06 20:11:43,20,0,3,1,0,30706153
